Agent role,Sun Mar 1,Mon Mar 2,Tue Mar 3,Wed Mar 4,Thu Mar 5,Fri Mar 6,Sat Mar 7,Sun Mar 8,Mon Mar 9,Tue Mar 10,Wed Mar 11,Thu Mar 12,Fri Mar 13,Sat Mar 14,Sun Mar 15,Mon Mar 16,Tue Mar 17,Wed Mar 18,Thu Mar 19
Lead Dev,2026-03-01-0720-lead-code-opus-log,2026-03-02-0709-lead-code-opus-log,2026-03-03-0642-lead-code-opus-log,2026-03-04-0616-lead-code-opus-log,,,,,,,,2026-03-12-2118-lead-code-opus-log,2026-03-13-0734-lead-code-opus-log,2026-03-14-0614-lead-code-opus-log,2026-03-15-1345-lead-code-opus-log,2026-03-16-0840-lead-code-opus-log,2026-03-17-2310-lead-code-opus-log,,2026-03-19-0807-lead-code-opus-log
Docs Mgr,2026-03-01-1201-docs-code-opus-log,,2026-03-03-0618-docs-code-opus-log,2026-03-04-0656-docs-code-opus-log,2026-03-05-0744-docs-code-opus-log,,,2026-03-08-2248-docs-code-opus-log,2026-03-09-0533-docs-code-opus-log,2026-03-10-1638-docs-code-opus-log,2026-03-11-0642-docs-code-opus-log,2026-03-12-2109-docs-code-opus-log,2026-03-13-0723-docs-code-opus-log,2026-03-14-1257-docs-code-opus-log,2026-03-15-0701-docs-code-opus-log,2026-03-16-1242-docs-code-opus-log,2026-03-17-0705-docs-code-opus-log,2026-03-18-0715-docs-code-opus-log,2026-03-19-0809-docs-code-opus-log
Chief of Staff,,,,2026-03-04-0607-exec-opus-log,2026-03-05-1250-exec-opus-log,,2026-03-07-1846-exec-opus-log,2026-03-08-1744-exec-opus-log,2026-03-09-2206-exec-opus-log,,2026-03-11-1029-exec-opus-log,2026-03-12-2157-exec-opus-log,2026-03-13-0736-exec-opus-log,2026-03-14-0916-exec-opus-log,2026-03-15-0728-exec-opus-log,2026-03-16-1244-exec-opus-log,,,
Comms Chief,2026-03-01-1611-comms-opus-log,,2026-03-03-0648-comms-opus-log,,,,,2026-03-08-2326-comms-opus-log,,,,,2026-03-13-0929-comms-opus-log,2026-03-14-0906-comms-opus-log,2026-03-15-0812-comms-opus-log,2026-03-16-1301-comms-opus-log,,,
CXO,2026-03-01-0728-cxo-opus-log,,,,,,,,2026-03-09-2155-cxo-opus-log,2026-03-10-2224-cxo-opus-log,,,2026-03-13-0747-cxo-opus-log,2026-03-14-1359-cxo-opus-log,,2026-03-16-1256-cxo-opus-log,,,
CIO,2026-03-01-1616-cio-opus-log,2026-03-02-1740-cio-opus-log,,,,,,,2026-03-09-2152-cio-opus-log,2026-03-10-0659-cio-opus-log,,2026-03-12-1049-cio-opus-klatch-log,2026-03-13-0759-cio-opus-log,2026-03-14-1347-cio-opus-log,2026-03-15-1346-cio-opus-log,2026-03-16-2034-cio-opus-log,,,
PPM,2026-03-01-0847-ppm-opus-log,,,,,,,,2026-03-09-2246-ppm-opus-log,2026-03-10-2158-ppm-opus-log,2026-03-11-0641-ppm-opus-log,,2026-03-13-0751-ppm-opus-log,2026-03-14-1356-ppm-opus-log,,2026-03-16-1253-ppm-opus-log,,,
Chief Architect,2026-03-01-0853-arch-opus-log,,,,,,,2026-03-08-2304-arch-opus-log,,2026-03-10-2226-arch-opus-log,,,2026-03-13-0924-arch-opus-log | 2026-03-13-1032-arch-opus-log,2026-03-14-1358-arch-opus-log,,2026-03-16-1249-arch-opus-log,,,
HoSR,2026-03-01-1618-hosr-opus-log,,,,2026-03-05-0823-hosr-opus-log,,,2026-03-08-2256-hosr-opus-log,,,,,2026-03-13-0926-hosr-opus-log,,,,,,
Programmer,,,,,,,,,,,,,,,2026-03-15-0700-prog-code-opus-log,,,,
Test,,,,,,,,,,,,2026-03-12-1434-test-haiku-log | 2026-03-12-1709-test-opus-klatch-log,,,,,,,
